,value_eur
0,1065833.3333333333
1,370666.6666666667
2,256150.0
3,1077666.6666666667
4,569500.0
5,1291000.0
6,5084000.0
7,1570666.6666666667
8,893500.0
9,672916.6666666666
10,3084000.0
11,499833.3333333333
12,21089202.310169935
13,1458666.6666666667
14,3308000.0
15,239816.66666666666
16,646716.6666666666
17,168516.66666666666
18,341983.3333333333
19,473500.0
20,11391174.112427415
21,40464418.78908927
22,85866.66666666667
23,668083.3333333334
24,1582000.0
25,1688666.6666666667
26,37283021.1739538
27,594166.6666666666
28,52341803.529344305
29,550250.0
30,353416.6666666667
31,767583.3333333334
32,1965333.3333333333
33,27815631.46901598
34,572000.0
35,17817299.696535423
36,573916.6666666666
37,579083.3333333334
38,488583.3333333333
39,219383.33333333334
40,439750.0
41,1308166.6666666667
42,658916.6666666666
43,698916.6666666666
44,481416.6666666667
45,2105000.0
46,2592666.6666666665
47,3086666.6666666665
48,2773666.6666666665
49,3876000.0
50,377833.3333333333
51,1199416.6666666667
52,909750.0
53,934166.6666666666
54,545133.3333333334
55,1211833.3333333333
56,250016.66666666666
57,849083.3333333334
58,494000.0
59,1898000.0
60,1005500.0
61,1060666.6666666667
62,18672833.330390412
63,1472333.3333333333
64,1782666.6666666667
65,669916.6666666666
66,1855666.6666666667
67,461333.3333333333
68,1851666.6666666667
69,640833.3333333334
70,1338333.3333333333
71,725583.3333333334
72,1156083.3333333333
73,252733.33333333334
74,2570000.0
75,547916.6666666666
76,179433.33333333334
77,276150.0
78,8686875.556693071
79,234646.66666666666
80,574666.6666666666
81,2542333.3333333335
82,330416.6666666667
83,1036166.6666666666
84,5930000.0
85,3008000.0
86,3414000.0
87,631833.3333333334
88,567083.3333333334
89,27588033.86739573
90,1370166.6666666667
91,436000.0
92,331833.3333333333
93,83800.0
94,3325333.3333333335
95,6632645.57596962
96,3312000.0
97,2222333.3333333335
98,594083.3333333334
99,9205054.342024336
100,5678666.666666667
101,299583.3333333333
102,1192166.6666666667
103,285366.6666666667
104,254650.0
105,8256871.519035951
106,911083.3333333334
107,281900.0
108,11130273.986724418
109,318800.0
110,1015083.3333333334
111,2598666.6666666665
112,209700.0
113,1279000.0
114,837083.3333333334
115,708166.6666666666
116,326883.3333333333
117,700166.6666666666
118,521333.3333333333
119,1052500.0
120,183233.33333333334
121,1366000.0
122,585833.3333333334
123,2499250.0
124,404000.0
125,349916.6666666667
126,2574333.3333333335
127,1231666.6666666667
128,842750.0
129,1283500.0
130,320733.3333333333
131,545750.0
132,221266.66666666666
133,814250.0
134,2232666.6666666665
135,5787271.901931306
136,569750.0
137,1015500.0
138,1582666.6666666667
139,130933.33333333333
140,228216.66666666666
141,526016.6666666666
142,448416.6666666667
143,10559517.329748865
144,2951666.6666666665
145,1227416.6666666667
146,855750.0
147,1325750.0
148,466583.3333333333
149,258183.33333333334
150,2163666.6666666665
151,250000.0
152,245683.33333333334
153,889083.3333333334
154,2197666.6666666665
155,1144416.6666666667
156,208683.33333333334
157,972916.6666666666
158,30734092.47744542
159,742666.6666666666
160,1243166.6666666667
161,1097916.6666666667
162,943750.0
163,836583.3333333334
164,1614000.0
165,952166.6666666666
166,256866.66666666666
167,101216.66666666667
168,1057083.3333333333
169,2826333.3333333335
170,229500.0
171,2173000.0
172,20878732.677533355
173,1172916.6666666667
174,3787178.960372323
175,1681416.6666666667
176,455666.6666666667
177,816500.0
178,1352500.0
179,3709511.0910267932
180,3899000.0
181,482916.6666666667
182,543166.6666666666
183,845666.6666666666
184,295600.0
185,475250.0
186,511416.6666666667
187,644833.3333333334
188,6532116.709399192
189,60733.333333333336
190,894416.6666666666
191,1825000.0
192,1191666.6666666667
193,7815000.0
194,2492666.6666666665
195,1920333.3333333333
196,491500.0
197,748633.3333333334
198,1645666.6666666667
199,286533.3333333333
200,1551666.6666666667
201,1377000.0
202,4099000.0
203,1678000.0
204,657500.0
205,9060000.0
206,2329666.6666666665
207,982166.6666666666
208,1226250.0
209,9560000.0
210,219433.33333333334
211,1902666.6666666667
212,2186333.3333333335
213,1297833.3333333333
214,621916.6666666666
215,209383.33333333334
216,517583.3333333333
217,323433.3333333333
218,4703000.0
219,733333.3333333334
220,633083.3333333334
221,760500.0
222,1411750.0
223,1630666.6666666667
224,552250.0
225,1153416.6666666667
226,1440666.6666666667
227,2764666.6666666665
228,3463666.6666666665
229,800500.0
230,1923000.0
231,828583.3333333334
232,2582000.0
233,1881000.0
234,994416.6666666666
235,2724666.6666666665
236,1485333.3333333333
237,19852918.361226205
238,1100083.3333333333
239,3253333.3333333335
240,12809328.296033854
241,263250.0
242,456916.6666666667
243,535666.6666666666
244,604250.0
245,277366.6666666667
246,2708666.6666666665
247,1368333.3333333333
248,987916.6666666666
249,581166.6666666666
250,1610083.3333333333
251,900916.6666666666
252,2930000.0
253,203050.0
254,9825068.039025381
255,128333.33333333333
256,291966.6666666667
257,986833.3333333334
258,3659333.3333333335
259,434666.6666666667
260,6314666.666666667
261,874916.6666666666
262,4062333.3333333335
263,3848000.0
264,712833.3333333334
265,25378289.218402848
266,575666.6666666666
267,209833.33333333334
268,4010000.0
269,2396333.3333333335
270,1675333.3333333333
271,2108666.6666666665
272,719916.6666666666
273,538083.3333333334
274,116500.0
275,286483.3333333333
276,6094834.2428704295
277,30702172.66878759
278,82200.0
279,107200.0
280,1094333.3333333333
281,3533000.0
282,743333.3333333334
283,1995666.6666666667
284,2898666.6666666665
285,1529000.0
286,195866.66666666666
287,371166.6666666667
288,3046666.6666666665
289,14525216.593104187
290,2204666.6666666665
291,1329000.0
292,437833.3333333333
293,65810765.242431216
294,6376666.666666667
295,556333.3333333334
296,1860000.0
297,3428000.0
298,276683.3333333333
299,25477374.69392361
300,451833.3333333333
301,3934207.8581336
302,250116.66666666666
303,1365000.0
304,934416.6666666666
305,648083.3333333334
306,21316191.26039362
307,6580000.0
308,2138000.0
309,363000.0
310,141933.33333333334
311,13182529.176811013
312,1940666.6666666667
313,1987333.3333333333
314,80146151.49609903
315,766583.3333333334
316,2878000.0
317,225916.66666666666
318,840750.0
319,754833.3333333334
320,233166.66666666666
321,1189583.3333333333
322,1926666.6666666667
323,1110750.0
324,226216.66666666666
325,142600.0
326,541666.6666666666
327,2180000.0
328,1862000.0
329,14238712.676652795
330,1544666.6666666667
331,179566.66666666666
332,499750.0
333,1622000.0
334,1244583.3333333333
335,240900.0
336,902416.6666666666
337,484583.3333333333
338,225316.66666666666
339,2675333.3333333335
340,9430000.0
341,825083.3333333334
342,2892666.6666666665
343,2478666.6666666665
344,355250.0
345,3037333.3333333335
346,1358583.3333333333
347,982916.6666666666
348,845583.3333333334
349,1520333.3333333333
350,5671666.666666667
351,720666.6666666666
352,2134000.0
353,6000333.333333333
354,520166.6666666667
355,899083.3333333334
356,543833.3333333334
357,725250.0
358,3850000.0
359,1558000.0
360,14559465.152380196
361,567833.3333333334
362,684666.6666666666
363,1406750.0
364,972583.3333333334
365,801500.0
366,2605666.6666666665
367,2019000.0
368,3634666.6666666665
369,2373666.6666666665
370,1815666.6666666667
371,1019666.6666666666
372,6535000.0
373,396916.6666666667
374,483083.3333333333
375,1014000.0
376,297683.3333333333
377,13384339.168487499
378,1182750.0
379,102666.66666666667
380,154166.66666666666
381,2284333.3333333335
382,3931333.3333333335
383,585250.0
384,3028000.0
385,575083.3333333334
386,3184333.3333333335
387,511750.0
388,2578666.6666666665
389,2391666.6666666665
390,553166.6666666666
391,723250.0
392,915333.3333333334
393,2656333.3333333335
394,39568529.9871843
395,2723333.3333333335
396,1550333.3333333333
397,578000.0
398,332316.6666666667
399,1413000.0
400,788250.0
401,1519333.3333333333
402,133133.33333333334
403,1373500.0
404,154700.0
405,10001545.96005373
406,913500.0
407,576000.0
408,3316333.3333333335
409,1438333.3333333333
410,4766000.0
411,2241333.3333333335
412,1122166.6666666667
413,170800.0
414,4501666.666666667
415,1007916.6666666666
416,508083.3333333333
417,109533.33333333333
418,834833.3333333334
419,2267000.0
420,1386333.3333333333
421,707500.0
422,669750.0
423,1196083.3333333333
424,10869593.25677601
425,138900.0
426,974500.0
427,956833.3333333334
428,27771048.102270838
429,2877000.0
430,867583.3333333334
431,246883.33333333334
432,265116.6666666667
433,1079000.0
434,1023583.3333333334
435,5676785.537552894
436,252900.0
437,1010750.0
438,3513000.0
439,688416.6666666666
440,157566.66666666666
441,1290000.0
442,2789666.6666666665
443,230566.66666666666
444,1100666.6666666667
445,1417833.3333333333
446,1799666.6666666667
447,2265333.3333333335
448,526083.3333333334
449,280900.0
450,307300.0
451,454916.6666666667
452,936166.6666666666
453,145800.0
454,3057666.6666666665
455,458000.0
456,529033.3333333334
457,1644333.3333333333
458,1414916.6666666667
459,3046000.0
460,400000.0
461,14139725.38421534
462,156933.33333333334
463,2349666.6666666665
464,303083.3333333333
465,279468.3197371316
466,252316.66666666666
467,1253666.6666666667
468,3480666.6666666665
469,2881666.6666666665
470,3453481.9385041064
471,146700.0
472,7582892.735327998
473,731750.0
474,731916.6666666666
475,1519000.0
476,840000.0
477,907500.0
478,750750.0
479,1393000.0
480,360250.0
481,806416.6666666666
482,885166.6666666666
483,532666.6666666666
484,582166.6666666666
485,1828333.3333333333
486,878833.3333333334
487,333916.6666666667
488,12721417.353023428
489,5527666.666666667
490,13058169.517315652
491,396833.3333333333
492,931666.6666666666
493,130266.66666666667
494,787666.6666666666
495,3064000.0
496,177000.0
497,716583.3333333334
498,981916.6666666666
499,572583.3333333334
500,269300.0
501,2451000.0
502,219066.66666666666
503,704500.0
504,1296666.6666666667
505,818666.6666666666
506,2138000.0
507,4409666.666666667
508,11448862.3382863
509,362416.6666666667
510,542833.3333333334
511,1505333.3333333333
512,909250.0
513,4590333.333333333
514,900166.6666666666
515,989916.6666666666
516,323500.0
517,718666.6666666666
518,239233.33333333334
519,207083.33333333334
520,1662333.3333333333
521,1907333.3333333333
522,2323666.6666666665
523,2153333.3333333335
524,1215083.3333333333
525,21576794.290526748
526,683000.0
527,1326916.6666666667
528,547916.6666666666
529,494583.3333333333
530,173400.0
531,1969000.0
532,245916.66666666666
533,132466.66666666666
534,2382000.0
535,1127916.6666666667
536,304750.0
537,3208666.6666666665
538,569666.6666666666
539,597933.3333333334
540,651750.0
541,561250.0
542,495583.3333333333
543,62950.0
544,1260083.3333333333
545,349083.3333333333
546,672416.6666666666
547,944583.3333333334
548,596500.0
549,1590333.3333333333
550,592500.0
551,824166.6666666666
552,1457000.0
553,7810300.567096151
554,199900.0
555,10582077.934308955
556,373333.3333333333
557,1022500.0
558,414133.3333333333
559,38278642.986835
560,1391500.0
561,2080000.0
562,422250.0
563,5747666.666666667
564,840333.3333333334
565,832916.6666666666
566,332066.6666666667
567,1133666.6666666667
568,515750.0
569,1302250.0
570,766666.6666666666
571,1261416.6666666667
572,2312333.3333333335
573,506666.6666666667
574,731166.6666666666
575,960500.0
576,558333.3333333334
577,2124000.0
578,296583.3333333333
579,258383.33333333334
580,57266410.513055846
581,870583.3333333334
582,990166.6666666666
583,2219666.6666666665
584,75102740.19604436
585,1038750.0
586,188016.66666666666
587,793416.6666666666
588,830416.6666666666
589,31322146.05917018
590,1043250.0
591,317650.0
592,734583.3333333334
593,97600.0
594,13244651.162412388
595,2965666.6666666665
596,1465666.6666666667
597,421250.0
598,548583.3333333334
599,1432666.6666666667
600,773500.0
601,731250.0
602,233316.66666666666
603,569500.0
604,1298000.0
605,490166.6666666667
606,963000.0
607,229750.0
608,1017083.3333333334
609,1321083.3333333333
610,354750.0
611,1495333.3333333333
612,1025250.0
613,523583.3333333333
614,199516.66666666666
615,2714666.6666666665
616,609666.6666666666
617,964083.3333333334
618,2104666.6666666665
619,231150.0
620,1069500.0
621,88700.0
622,210883.33333333334
623,911083.3333333334
624,1460666.6666666667
625,825666.6666666666
626,378166.6666666667
627,116533.33333333333
628,367500.0
629,308100.0
630,1122750.0
631,95833.33333333333
632,8758333.333333334
633,15312606.353441022
634,377966.6666666667
635,337166.6666666667
636,339766.6666666667
637,537416.6666666666
638,959583.3333333334
639,1195666.6666666667
640,19668668.367748357
641,1031916.6666666666
642,883833.3333333334
643,1198833.3333333333
644,768583.3333333334
645,4001333.3333333335
646,577083.3333333334
647,505250.0
648,1333666.6666666667
649,586333.3333333334
650,453250.0
651,982083.3333333334
652,259066.66666666666
653,13488792.33376997
654,1803000.0
655,1351083.3333333333
656,1225916.6666666667
657,914750.0
658,3152666.6666666665
659,1518000.0
660,863916.6666666666
661,1519250.0
662,622166.6666666666
663,781916.6666666666
664,569750.0
665,922916.6666666666
666,4081000.0
667,594916.6666666666
668,6064333.333333333
669,430750.0
670,561083.3333333334
671,507083.3333333333
672,1626000.0
673,1090166.6666666667
674,4025000.0
675,349800.0
676,801083.3333333334
677,276100.0
678,31282076.83353683
679,618916.6666666666
680,1116500.0
681,601750.0
682,573083.3333333334
683,270116.6666666667
684,1137250.0
685,278450.0
686,2151000.0
687,811333.3333333334
688,1625000.0
689,404083.3333333333
690,263583.3333333333
691,484166.6666666667
692,272183.3333333333
693,14398763.55580589
694,487833.3333333333
695,4168000.0
696,1034916.6666666666
697,4159067.515205424
698,339683.3333333333
699,3887333.3333333335
700,3422000.0
701,872750.0
702,112200.0
703,1915000.0
704,720583.3333333334
705,643083.3333333334
706,664416.6666666666
707,748583.3333333334
708,1618333.3333333333
709,17362529.626305487
710,796166.6666666666
711,62042705.22078802
712,268600.0
713,487250.0
714,348900.0
715,717750.0
716,16595452.071220705
717,2417000.0
718,654416.6666666666
719,7091666.666666667
720,1441000.0
721,468583.3333333333
722,540000.0
723,3606666.6666666665
724,1038083.3333333334
725,99466.66666666667
726,1074250.0
727,566083.3333333334
728,502666.6666666667
729,1374000.0
730,4713191.113984217
731,180933.33333333334
732,1901000.0
733,1102416.6666666667
734,2217333.3333333335
735,1679916.6666666667
736,898250.0
737,704750.0
738,1275583.3333333333
739,276733.3333333333
740,689500.0
741,802916.6666666666
742,748916.6666666666
743,1423333.3333333333
744,280233.3333333333
745,377250.0
746,595750.0
747,1507666.6666666667
748,11149551.217498798
749,529583.3333333334
750,399250.0
751,755833.3333333334
752,453333.3333333333
753,306166.6666666667
754,43587078.19519144
755,3728666.6666666665
756,453083.3333333333
757,763833.3333333334
758,1647666.6666666667
759,3213000.0
760,1391666.6666666667
761,738833.3333333334
762,393833.3333333333
763,687083.3333333334
764,11671290.321534134
765,1469666.6666666667
766,213316.66666666666
767,374583.3333333333
768,921500.0
769,330250.0
770,2446333.3333333335
771,113816.66666666667
772,2195333.3333333335
773,1506333.3333333333
774,839000.0
775,1219333.3333333333
776,796833.3333333334
777,511250.0
778,1565333.3333333333
779,650916.6666666666
780,243116.66666666666
781,259283.33333333334
782,1433000.0
783,1365333.3333333333
784,4132666.6666666665
785,1404166.6666666667
786,430166.6666666667
787,782250.0
788,1164583.3333333333
789,252733.33333333334
790,4256333.333333333
791,1576000.0
792,1444666.6666666667
793,782833.3333333334
794,1354583.3333333333
795,452916.6666666667
796,696500.0
797,2244333.3333333335
798,1271833.3333333333
799,4227666.666666667
800,3732000.0
801,4133666.6666666665
802,209300.0
803,474833.3333333333
804,712666.6666666666
805,239400.0
806,112666.66666666667
807,1381000.0
808,2738666.6666666665
809,1021083.3333333334
810,3479666.6666666665
811,309200.0
812,3730666.6666666665
813,540250.0
814,512833.3333333333
815,1962333.3333333333
816,773083.3333333334
817,629166.6666666666
818,465750.0
819,64533.333333333336
820,468916.6666666667
821,769666.6666666666
822,3624333.3333333335
823,2213666.6666666665
824,7135000.0
825,201933.33333333334
826,3373000.0
827,1066916.6666666667
828,588666.6666666666
829,138133.33333333334
830,1071166.6666666667
831,1125750.0
832,2228666.6666666665
833,2066666.6666666667
834,569916.6666666666
835,857583.3333333334
836,756083.3333333334
837,14325648.133399263
838,2658333.3333333335
839,473583.3333333333
840,606833.3333333334
841,834083.3333333334
842,27919235.12585428
843,290533.3333333333
844,1109250.0
845,534333.3333333334
846,1365333.3333333333
847,11388195.957334599
848,394833.3333333333
849,2075000.0
850,2178666.6666666665
851,1050416.6666666667
852,116633.33333333333
853,1127333.3333333333
854,2681000.0
855,12515618.933949303
856,6435000.0
857,69900.0
858,4295666.666666667
859,885416.6666666666
860,1508666.6666666667
861,711416.6666666666
862,1515000.0
863,1115416.6666666667
864,2257333.3333333335
865,1872333.3333333333
866,419333.3333333333
867,1601666.6666666667
868,2832000.0
869,186200.0
870,6743725.047398711
871,1341333.3333333333
872,3636000.0
873,358666.6666666667
874,1881333.3333333333
875,744916.6666666666
876,686000.0
877,511916.6666666667
878,3369666.6666666665
879,620083.3333333334
880,1107500.0
881,554666.6666666666
882,1201000.0
883,928666.6666666666
884,1248666.6666666667
885,1215083.3333333333
886,1457000.0
887,1402666.6666666667
888,948083.3333333334
889,1699833.3333333333
890,1522666.6666666667
891,224383.33333333334
892,260250.0
893,994916.6666666666
894,122866.66666666667
895,544250.0
896,563666.6666666666
897,3708333.3333333335
898,3626666.6666666665
899,1218000.0
900,370083.3333333333
901,1367833.3333333333
902,1116000.0
903,2764000.0
904,631833.3333333334
905,1828666.6666666667
906,544500.0
907,749500.0
908,1099583.3333333333
909,1011833.3333333334
910,527083.3333333334
911,815416.6666666666
912,224066.66666666666
913,13297746.992188623
914,1540666.6666666667
915,512833.3333333333
916,386250.0
917,573916.6666666666
918,908500.0
919,37282773.35965885
920,10442855.833471801
921,130400.0
922,693416.6666666666
923,321716.6666666667
924,7066666.666666667
925,1768750.0
926,3300000.0
927,14069812.727525068
928,1081000.0
929,731250.0
930,53950.0
931,227183.33333333334
932,702916.6666666666
933,462500.0
934,318816.6666666667
935,451250.0
936,463000.0
937,1133166.6666666667
938,4751000.0
939,4305666.666666667
940,4009333.3333333335
941,3063666.6666666665
942,721666.6666666666
943,1525666.6666666667
944,441250.0
945,446166.6666666667
946,1075333.3333333333
947,224233.33333333334
948,2212666.6666666665
949,863416.6666666666
950,33232460.77252975
951,1359500.0
952,982750.0
953,819083.3333333334
954,1532666.6666666667
955,980666.6666666666
956,649333.3333333334
957,979666.6666666666
958,1027833.3333333334
959,3580000.0
960,894666.6666666666
961,1563333.3333333333
962,1716000.0
963,958250.0
964,995500.0
965,1628333.3333333333
966,307600.0
967,619000.0
968,291350.0
969,819500.0
970,5987000.0
971,324866.6666666667
972,272616.6666666667
973,568416.6666666666
974,851166.6666666666
975,3489333.3333333335
976,186700.0
977,482666.6666666667
978,2599000.0
979,324750.0
980,78366.66666666667
981,685416.6666666666
982,995416.6666666666
983,1930083.3333333333
984,533000.0
985,974250.0
986,1357666.6666666667
987,1771333.3333333333
988,307650.0
989,970333.3333333334
990,2972333.3333333335
991,1220750.0
992,715416.6666666666
993,2234333.3333333335
994,2153666.6666666665
995,480833.3333333333
996,2076000.0
997,109066.66666666667
998,241700.0
999,3449000.0
1000,886833.3333333334
1001,1577333.3333333333
1002,927083.3333333334
1003,503583.3333333333
1004,11959804.70107571
1005,550500.0
1006,662500.0
1007,815083.3333333334
1008,342250.0
1009,1710666.6666666667
1010,734333.3333333334
1011,12253245.898446325
1012,1342333.3333333333
1013,402883.3333333333
1014,2865666.6666666665
1015,724500.0
1016,247250.0
1017,4332666.666666667
1018,1370666.6666666667
1019,1578000.0
1020,1670333.3333333333
1021,782000.0
1022,2398333.3333333335
1023,425000.0
1024,3330333.3333333335
1025,913750.0
1026,1648833.3333333333
1027,203616.66666666666
1028,2053000.0
1029,8051264.193556147
1030,1595333.3333333333
1031,469000.0
1032,358083.3333333333
1033,790666.6666666666
1034,2306000.0
1035,762916.6666666666
1036,951583.3333333334
1037,550833.3333333334
1038,411000.0
1039,1046500.0
1040,306166.6666666667
1041,316000.0
1042,1946666.6666666667
1043,1276583.3333333333
1044,1107416.6666666667
1045,3049333.3333333335
1046,1839000.0
1047,911916.6666666666
1048,822583.3333333334
1049,234900.0
1050,295866.6666666667
1051,1450500.0
1052,2168333.3333333335
1053,772333.3333333334
1054,662916.6666666666
1055,476416.6666666667
1056,3928000.0
1057,196716.66666666666
1058,296016.6666666667
1059,1436666.6666666667
1060,143500.0
1061,1311000.0
1062,257566.66666666666
1063,2728000.0
1064,518416.6666666667
1065,130175192.24766059
1066,524083.3333333333
1067,1184083.3333333333
1068,1131833.3333333333
1069,964083.3333333334
1070,34340075.63713069
1071,4482000.0
1072,2470333.3333333335
1073,437916.6666666667
1074,991083.3333333334
1075,617333.3333333334
1076,144916.66666666666
1077,4095333.3333333335
1078,2319000.0
1079,477916.6666666667
1080,401083.3333333333
1081,427583.3333333333
1082,1727000.0
1083,850250.0
1084,368083.3333333333
1085,1085166.6666666667
1086,760916.6666666666
1087,320216.6666666667
1088,472416.6666666667
1089,366350.0
1090,256400.0
1091,839250.0
1092,1565333.3333333333
1093,3838666.6666666665
1094,1215833.3333333333
1095,2338000.0
1096,999250.0
1097,611583.3333333334
1098,188950.0
1099,6523666.666666667
1100,963166.6666666666
1101,1458916.6666666667
1102,515916.6666666667
1103,470400.0
1104,819833.3333333334
1105,2422666.6666666665
1106,949916.6666666666
1107,615666.6666666666
1108,371166.6666666667
1109,19015386.323403396
1110,3051916.6666666665
1111,772633.3333333334
1112,16962314.647331834
1113,2351333.3333333335
1114,779416.6666666666
1115,2643333.3333333335
1116,373500.0
1117,70572193.4020153
1118,475250.0
1119,873166.6666666666
1120,675666.6666666666
1121,1360083.3333333333
1122,496500.0
1123,668750.0
1124,863583.3333333334
1125,807083.3333333334
1126,716250.0
1127,14705995.52071761
1128,164533.33333333334
1129,1506333.3333333333
1130,2942333.3333333335
1131,352766.6666666667
1132,579250.0
1133,11417450.939850487
1134,777833.3333333334
1135,1888666.6666666667
1136,193416.66666666666
1137,1804666.6666666667
1138,2178333.3333333335
1139,1488666.6666666667
1140,756583.3333333334
1141,2170666.6666666665
1142,1873000.0
1143,2997333.3333333335
1144,356000.0
1145,9546159.152278954
1146,3975666.6666666665
1147,688416.6666666666
1148,1072583.3333333333
1149,1176416.6666666667
1150,1470333.3333333333
1151,785166.6666666666
1152,436583.3333333333
1153,264116.6666666667
1154,176766.66666666666
1155,1176666.6666666667
1156,1043083.3333333334
1157,988000.0
1158,390333.3333333333
1159,470750.0
1160,908250.0
1161,574166.6666666666
1162,13645450.100227684
1163,4671000.0
1164,34545189.00721004
1165,912000.0
1166,834500.0
1167,193150.0
1168,467416.6666666667
1169,107966.66666666667
1170,334683.3333333333
1171,2459666.6666666665
1172,182750.0
1173,2979000.0
1174,1490000.0
1175,245433.33333333334
1176,2157666.6666666665
1177,223233.33333333334
1178,3693000.0
1179,1699333.3333333333
1180,1279833.3333333333
1181,6791666.666666667
1182,383716.6666666667
1183,150400.0
1184,24506446.558827028
1185,1487000.0
1186,565583.3333333334
1187,1500416.6666666667
1188,330083.3333333333
1189,632416.6666666666
1190,187000.0
1191,592333.3333333334
1192,1559666.6666666667
1193,1546333.3333333333
1194,1858666.6666666667
1195,1166666.6666666667
1196,538750.0
1197,236283.33333333334
1198,620500.0
1199,540750.0
1200,591750.0
1201,2767666.6666666665
1202,9240000.0
1203,476750.0
1204,975166.6666666666
1205,503166.6666666667
1206,4485333.333333333
1207,593500.0
1208,2001666.6666666667
1209,5004333.333333333
1210,491750.0
1211,219250.0
1212,364833.3333333333
1213,301266.6666666667
1214,483166.6666666667
1215,90966.66666666667
1216,777666.6666666666
1217,1529000.0
1218,450283.3333333333
1219,611333.3333333334
1220,2604666.6666666665
1221,875333.3333333334
1222,380750.0
1223,865250.0
1224,266850.0
1225,962166.6666666666
1226,1494000.0
1227,743416.6666666666
1228,810083.3333333334
1229,7060000.0
1230,19223511.03245775
1231,2381333.3333333335
1232,569083.3333333334
1233,732833.3333333334
1234,386050.0
1235,20453357.956377037
1236,2080333.3333333333
1237,2195333.3333333335
1238,1070250.0
1239,1613666.6666666667
1240,15185878.127897326
1241,697916.6666666666
1242,2383666.6666666665
1243,144133.33333333334
1244,2561000.0
1245,316083.3333333333
1246,861166.6666666666
1247,10134259.01588634
1248,1862666.6666666667
1249,646833.3333333334
1250,1467583.3333333333
1251,630083.3333333334
1252,1332333.3333333333
1253,1865666.6666666667
1254,2201666.6666666665
1255,1002500.0
1256,2287000.0
1257,5998000.0
1258,1362333.3333333333
1259,697916.6666666666
1260,268750.0
1261,107533.33333333333
1262,312683.3333333333
1263,1513333.3333333333
1264,3117666.6666666665
1265,583000.0
1266,9167759.229566343
1267,1062166.6666666667
1268,1075000.0
1269,2160333.3333333335
1270,3486666.6666666665
1271,837166.6666666666
1272,376166.6666666667
1273,2082666.6666666667
1274,2492666.6666666665
1275,2291333.3333333335
1276,155500.0
1277,382816.6666666667
1278,2694333.3333333335
1279,936500.0
1280,961500.0
1281,1827333.3333333333
1282,2152666.6666666665
1283,10119504.888041329
1284,3245000.0
1285,1069750.0
1286,1411583.3333333333
1287,1887333.3333333333
1288,463583.3333333333
1289,1087500.0
1290,257400.0
1291,283816.6666666667
1292,735666.6666666666
1293,959416.6666666666
1294,1174000.0
1295,1701666.6666666667
1296,107500.0
1297,864416.6666666666
1298,1332083.3333333333
1299,479333.3333333333
1300,16459862.692985632
1301,1054583.3333333333
1302,1528000.0
1303,577750.0
1304,11894777.035466317
1305,3067666.6666666665
1306,858833.3333333334
1307,259883.33333333334
1308,4786666.666666667
1309,932416.6666666666
1310,1532666.6666666667
1311,1101333.3333333333
1312,292283.3333333333
1313,209150.0
1314,1243500.0
1315,291700.0
1316,972833.3333333334
1317,4886181.41940324
1318,851416.6666666666
1319,40227352.19385615
1320,1534000.0
1321,943666.6666666666
1322,1196083.3333333333
1323,419833.3333333333
1324,227433.33333333334
1325,513250.0
1326,960916.6666666666
1327,3418666.6666666665
1328,322550.0
1329,233016.66666666666
1330,981833.3333333334
1331,322816.6666666667
1332,584666.6666666666
1333,591750.0
1334,1227833.3333333333
1335,339000.0
1336,960583.3333333334
1337,811833.3333333334
1338,1424750.0
1339,721416.6666666666
1340,16254329.051460344
1341,9643445.941395061
1342,231516.66666666666
1343,926250.0
1344,1107166.6666666667
1345,2738333.3333333335
1346,1648333.3333333333
1347,508700.0
1348,701416.6666666666
1349,748916.6666666666
1350,897500.0
1351,1681000.0
1352,1016500.0
1353,5944182.385906203
1354,1803666.6666666667
1355,185633.33333333334
1356,395083.3333333333
1357,391500.0
1358,1094250.0
1359,2785333.3333333335
1360,8368333.333333333
1361,584166.6666666666
1362,440250.0
1363,978416.6666666666
1364,1710000.0
1365,2403000.0
1366,1150833.3333333333
1367,605250.0
1368,630500.0
1369,2352666.6666666665
1370,697000.0
1371,1058333.3333333333
1372,806416.6666666666
1373,1765666.6666666667
1374,706583.3333333334
1375,445100.0
1376,899500.0
1377,700083.3333333334
1378,1040083.3333333334
1379,994416.6666666666
1380,1578000.0
1381,200866.66666666666
1382,28833337.898718856
1383,10217317.440372182
1384,490000.0
1385,246116.66666666666
1386,249450.0
1387,336916.6666666667
1388,148700.0
1389,3785333.3333333335
1390,40029166.77698418
1391,1783333.3333333333
1392,915416.6666666666
1393,883500.0
1394,2970333.3333333335
1395,324666.6666666667
1396,1409666.6666666667
1397,1474000.0
1398,1165833.3333333333
1399,978416.6666666666
1400,450500.0
1401,2990333.3333333335
1402,10175106.416784275
1403,1487083.3333333333
1404,2391000.0
1405,303750.0
1406,560833.3333333334
1407,861250.0
1408,172400.0
1409,667166.6666666666
1410,1437000.0
1411,579000.0
1412,3051666.6666666665
1413,618250.0
1414,4111000.0
1415,1815333.3333333333
1416,249383.33333333334
1417,1920333.3333333333
1418,311816.6666666667
1419,965750.0
1420,495500.0
1421,741833.3333333334
1422,176633.33333333334
1423,826333.3333333334
1424,490166.6666666667
1425,622833.3333333334
1426,5857666.666666667
1427,4731000.0
1428,1336333.3333333333
1429,104366.66666666667
1430,1166166.6666666667
1431,2458666.6666666665
1432,1075750.0
1433,11523259.928097285
1434,1616333.3333333333
1435,13283411.419442024
1436,730500.0
1437,1070333.3333333333
1438,1321333.3333333333
1439,194800.0
1440,25193142.06232338
1441,1303333.3333333333
1442,19540153.991454422
1443,1903000.0
1444,1609333.3333333333
1445,794583.3333333334
1446,920833.3333333334
1447,1719333.3333333333
1448,5541822.539664393
1449,1801333.3333333333
1450,467500.0
1451,112300.0
1452,2657666.6666666665
1453,2538333.3333333335
1454,704833.3333333334
1455,221616.66666666666
1456,871333.3333333334
1457,789166.6666666666
1458,3208000.0
1459,846750.0
1460,1816333.3333333333
1461,1304000.0
1462,991083.3333333334
1463,1151916.6666666667
1464,1613000.0
1465,2481406.584287372
1466,1519666.6666666667
1467,2008333.3333333333
1468,1041250.0
1469,1897000.0
1470,179600.0
1471,392916.6666666667
1472,1599000.0
1473,1083000.0
1474,625500.0
1475,1000750.0
1476,18622312.270558447
1477,700500.0
1478,1606666.6666666667
1479,651833.3333333334
1480,1286583.3333333333
1481,2992000.0
1482,2900666.6666666665
1483,92600.0
1484,1511000.0
1485,217033.33333333334
1486,1044166.6666666666
1487,2432000.0
1488,3198666.6666666665
1489,445666.6666666667
1490,110733.33333333333
1491,2782666.6666666665
1492,2312666.6666666665
1493,566166.6666666666
1494,575666.6666666666
1495,422000.0
1496,1788666.6666666667
1497,484500.0
1498,2322000.0
1499,917916.6666666666
1500,3049666.6666666665
1501,10078239.61727924
1502,589416.6666666666
1503,6901666.666666667
1504,845666.6666666666
1505,1963000.0
1506,563250.0
1507,1343666.6666666667
1508,1306333.3333333333
1509,53500.0
1510,541750.0
1511,891083.3333333334
1512,495250.0
1513,1489500.0
1514,3846333.3333333335
1515,16639568.484725384
1516,868583.3333333334
1517,495333.3333333333
1518,16471600.995809859
1519,1832000.0
1520,751666.6666666666
1521,5015666.666666667
1522,297583.3333333333
1523,908333.3333333334
1524,139833.33333333334
1525,396083.3333333333
1526,1055166.6666666667
1527,2778666.6666666665
1528,545250.0
1529,852000.0
1530,710666.6666666666
1531,512000.0
1532,40940298.170651615
1533,937583.3333333334
1534,1001750.0
1535,774416.6666666666
1536,71200.0
1537,9461247.298284454
1538,238800.0
1539,502750.0
1540,162600.0
1541,2144333.3333333335
1542,3274333.3333333335
1543,429766.6666666667
1544,1513916.6666666667
1545,998666.6666666666
1546,506333.3333333333
1547,1093583.3333333333
1548,53533.333333333336
1549,246150.0
1550,1009083.3333333334
1551,214963.33333333334
1552,1397000.0
1553,474333.3333333333
1554,2111666.6666666665
1555,655166.6666666666
1556,24224298.7587146
1557,16215025.177705653
1558,348333.3333333333
1559,2886000.0
1560,543250.0
1561,2082666.6666666667
1562,2647000.0
1563,909166.6666666666
1564,111033.33333333333
1565,852000.0
1566,456333.3333333333
1567,342950.0
1568,2469333.3333333335
1569,595083.3333333334
1570,988583.3333333334
1571,1252000.0
1572,2107000.0
1573,938250.0
1574,849500.0
1575,563333.3333333334
1576,30191878.09274346
1577,175700.0
1578,3235666.6666666665
1579,1168666.6666666667
1580,558750.0
1581,2051333.3333333333
1582,867000.0
1583,6635881.348856761
1584,1112416.6666666667
1585,308116.6666666667
1586,894833.3333333334
1587,431166.6666666667
1588,1801333.3333333333
1589,1307333.3333333333
1590,342166.6666666667
1591,491583.3333333333
1592,468500.0
1593,2824000.0
1594,247750.0
1595,4012650.2014506445
1596,174500.0
1597,2764333.3333333335
1598,1476666.6666666667
1599,629083.3333333334
1600,43223895.01490356
1601,9916805.007996717
1602,29642235.472187452
1603,443833.3333333333
1604,7198333.333333333
1605,1790333.3333333333
1606,968500.0
1607,2774333.3333333335
1608,189700.0
1609,305383.3333333333
1610,6352683.73965725
1611,492166.6666666667
1612,1643000.0
1613,1112166.6666666667
1614,2785666.6666666665
1615,1344333.3333333333
1616,298583.3333333333
1617,836833.3333333334
1618,3029666.6666666665
1619,2028666.6666666667
1620,136433.33333333334
1621,943666.6666666666
1622,470250.0
1623,2474333.3333333335
1624,530266.6666666666
1625,383883.3333333333
1626,9651760.622467123
1627,734833.3333333334
1628,422583.3333333333
1629,2510000.0
1630,1543666.6666666667
1631,501750.0
1632,926750.0
1633,372833.3333333333
1634,1193750.0
1635,2775000.0
1636,826333.3333333334
1637,496250.0
1638,116766.66666666667
1639,8843333.333333334
1640,106066.66666666667
1641,365750.0
1642,2078000.0
1643,559166.6666666666
1644,116933.33333333333
1645,1870666.6666666667
1646,2240666.6666666665
1647,2306666.6666666665
1648,6659864.333884919
1649,8778709.516355222
1650,525500.0
1651,1789000.0
1652,817916.6666666666
1653,987083.3333333334
1654,338083.3333333333
1655,4622666.666666667
1656,584083.3333333334
1657,2439000.0
1658,1217666.6666666667
1659,1409500.0
1660,101433.33333333333
1661,685666.6666666666
1662,687333.3333333334
1663,1283083.3333333333
1664,2662666.6666666665
1665,4514333.333333333
1666,5578333.333333333
1667,1211500.0
1668,238216.66666666666
1669,223800.0
1670,628833.3333333334
1671,2240333.3333333335
1672,108500.0
1673,1128750.0
1674,555666.6666666666
1675,1069333.3333333333
1676,270233.3333333333
1677,762500.0
1678,465000.0
1679,741750.0
1680,1305666.6666666667
1681,713083.3333333334
1682,362000.0
1683,4990000.0
1684,412583.3333333333
1685,1097166.6666666667
1686,645000.0
1687,2733333.3333333335
1688,800333.3333333334
1689,1156833.3333333333
1690,1259333.3333333333
1691,6458666.666666667
1692,632000.0
1693,341250.0
1694,535250.0
1695,555916.6666666666
1696,1300000.0
1697,966333.3333333334
1698,915416.6666666666
1699,733500.0
1700,3792333.3333333335
1701,955250.0
1702,1280916.6666666667
1703,708916.6666666666
1704,716333.3333333334
1705,923166.6666666666
1706,905750.0
1707,1308666.6666666667
1708,359816.6666666667
1709,112033.33333333333
1710,677916.6666666666
1711,1888000.0
1712,1804666.6666666667
1713,834416.6666666666
1714,733416.6666666666
1715,1249250.0
1716,924333.3333333334
1717,1948333.3333333333
1718,1294500.0
1719,1208916.6666666667
1720,1646250.0
1721,1374250.0
1722,2764666.6666666665
1723,1877333.3333333333
1724,437050.0
1725,886500.0
1726,5501666.666666667
1727,543583.3333333334
1728,1972333.3333333333
1729,987166.6666666666
1730,166783.33333333334
1731,586833.3333333334
1732,311666.6666666667
1733,500250.0
1734,544583.3333333334
1735,401500.0
1736,695666.6666666666
1737,2693000.0
1738,845166.6666666666
1739,407583.3333333333
1740,1274583.3333333333
1741,912416.6666666666
1742,505916.6666666667
1743,984083.3333333334
1744,229683.33333333334
1745,720666.6666666666
1746,332833.3333333333
1747,2626333.3333333335
1748,1282583.3333333333
1749,475750.0
1750,1501000.0
1751,1671333.3333333333
1752,1126666.6666666667
1753,43211893.45787155
1754,3906666.6666666665
1755,398750.0
1756,523416.6666666667
1757,1357666.6666666667
1758,215966.66666666666
1759,144633.33333333334
1760,3518000.0
1761,3264000.0
1762,167716.66666666666
1763,1635000.0
1764,669333.3333333334
1765,533000.0
1766,509083.3333333333
1767,5667324.907754551
1768,1381750.0
1769,494416.6666666667
1770,19091379.915780105
1771,807000.0
1772,1510000.0
1773,164533.33333333334
1774,2231000.0
1775,2557333.3333333335
1776,1146916.6666666667
1777,48276946.89125
1778,1094916.6666666667
1779,15484414.357179051
1780,395416.6666666667
1781,320416.6666666667
1782,629083.3333333334
1783,5033333.333333333
1784,238800.0
1785,261733.33333333334
1786,4000000.0
1787,1907666.6666666667
1788,2499333.3333333335
1789,300266.6666666667
1790,3774000.0
1791,1003666.6666666666
1792,958500.0
1793,901916.6666666666
1794,148833.33333333334
1795,841916.6666666666
1796,182733.33333333334
1797,1353500.0
1798,643250.0
1799,1055000.0
1800,273866.6666666667
1801,990666.6666666666
1802,474250.0
1803,292783.3333333333
1804,5228666.666666667
1805,542333.3333333334
1806,943333.3333333334
1807,298266.6666666667
1808,2031333.3333333333
1809,712833.3333333334
1810,1529000.0
1811,547416.6666666666
1812,684083.3333333334
1813,404333.3333333333
1814,1300333.3333333333
1815,1400666.6666666667
1816,355800.0
1817,422416.6666666667
1818,209150.0
1819,331166.6666666667
1820,697250.0
1821,1309500.0
1822,2119182.131210216
1823,1725707.220807978
1824,1665666.6666666667
1825,16087658.354569694
1826,119066.66666666667
1827,1252250.0
1828,213100.0
1829,434250.0
1830,856833.3333333334
1831,903833.3333333334
1832,345083.3333333333
1833,3322666.6666666665
1834,5042333.333333333
1835,776666.6666666666
1836,2140666.6666666665
1837,517000.0
1838,344333.3333333333
1839,371833.3333333333
1840,3591000.0
1841,311400.0
1842,756083.3333333334
1843,2641333.3333333335
1844,500083.3333333333
1845,212333.33333333334
1846,757666.6666666666
1847,3022666.6666666665
1848,832666.6666666666
1849,1226000.0
1850,146733.33333333334
1851,1025166.6666666666
1852,208400.0
1853,105100.0
1854,208533.33333333334
1855,15265274.353923813
1856,2545000.0
1857,235416.66666666666
1858,600583.3333333334
1859,843083.3333333334
1860,355833.3333333333
1861,6345000.0
1862,1424666.6666666667
1863,553583.3333333334
1864,350183.3333333333
1865,726833.3333333334
1866,510583.3333333333
1867,493000.0
1868,307100.0
1869,960083.3333333334
1870,10000000.0
1871,491083.3333333333
1872,7721666.666666667
1873,907333.3333333334
1874,111233.33333333333
1875,748466.6666666666
1876,736000.0
1877,177233.33333333334
1878,2143666.6666666665
1879,786250.0
1880,4517666.666666667
1881,209950.0
1882,1392666.6666666667
1883,970583.3333333334
1884,1294583.3333333333
1885,380250.0
1886,980916.6666666666
1887,35833564.60736263
1888,577916.6666666666
1889,3092000.0
1890,815750.0
1891,3905666.6666666665
1892,903083.3333333334
1893,1145916.6666666667
1894,2645333.3333333335
1895,1886333.3333333333
1896,551666.6666666666
1897,22090355.74345829
1898,2335666.6666666665
1899,312416.6666666667
1900,687833.3333333334
1901,668583.3333333334
1902,1749333.3333333333
1903,402100.0
1904,1428333.3333333333
1905,1133583.3333333333
1906,5310998.2494574655
1907,529166.6666666666
1908,574666.6666666666
1909,1610666.6666666667
1910,1080333.3333333333
1911,32165791.831779126
1912,749250.0
1913,11889492.0453558
1914,956666.6666666666
1915,1259333.3333333333
1916,1893333.3333333333
1917,84200.0
1918,2006000.0
1919,453616.6666666667
1920,2142666.6666666665
1921,2244000.0
1922,10881126.863985324
1923,2024666.6666666667
1924,255433.33333333334
1925,189800.0
1926,1078666.6666666667
1927,3125333.3333333335
1928,1972000.0
1929,706083.3333333334
1930,345250.0
1931,741583.3333333334
1932,1778333.3333333333
1933,3340666.6666666665
1934,10145498.018188076
1935,500666.6666666667
1936,990333.3333333334
1937,1543666.6666666667
1938,1316833.3333333333
1939,1428333.3333333333
1940,650916.6666666666
1941,766583.3333333334
1942,3571333.3333333335
1943,1065833.3333333333
1944,17115048.022630766
1945,1526666.6666666667
1946,729916.6666666666
1947,521583.3333333333
1948,1443333.3333333333
1949,531583.3333333334
1950,1111750.0
1951,933500.0
1952,1016116.6666666666
1953,4093333.3333333335
1954,1445000.0
1955,859166.6666666666
1956,2245000.0
1957,343916.6666666667
1958,4692000.0
1959,400916.6666666667
1960,2106333.3333333335
1961,1578666.6666666667
1962,4364666.666666667
1963,882833.3333333334
1964,223666.66666666666
1965,100133.33333333333
1966,489333.3333333333
1967,1491166.6666666667
1968,707666.6666666666
1969,530500.0
1970,3781416.6666666665
1971,733833.3333333334
1972,1392750.0
1973,2928666.6666666665
1974,2059333.3333333333
1975,861166.6666666666
1976,1644333.3333333333
1977,596500.0
1978,2716000.0
1979,1703000.0
1980,61033.333333333336
1981,1389416.6666666667
1982,442583.3333333333
1983,325166.6666666667
1984,1393000.0
1985,5053333.333333333
1986,679083.3333333334
1987,1512333.3333333333
1988,893500.0
1989,336416.6666666667
1990,268033.3333333333
1991,342533.3333333333
1992,89833.33333333333
1993,1249250.0
1994,549583.3333333334
1995,633416.6666666666
1996,1674666.6666666667
1997,31149027.03937684
1998,1432666.6666666667
1999,393666.6666666667
2000,1075416.6666666667
2001,148666.66666666666
2002,10713712.13487278
2003,2968000.0
2004,2033000.0
2005,1079333.3333333333
2006,5499333.333333333
2007,2185666.6666666665
2008,941190.6129416468
2009,1137583.3333333333
2010,2336666.6666666665
2011,372000.0
2012,1822666.6666666667
2013,1651500.0
2014,1098250.0
2015,2383333.3333333335
2016,827583.3333333334
2017,1365000.0
2018,246300.0
2019,421333.3333333333
2020,1022333.3333333334
2021,308116.6666666667
2022,228366.66666666666
2023,235650.0
2024,122709347.55410872
2025,822666.6666666666
2026,2455333.3333333335
2027,608500.0
2028,503416.6666666667
2029,1127333.3333333333
2030,3017333.3333333335
2031,1139333.3333333333
2032,282583.3333333333
2033,1424333.3333333333
2034,1901333.3333333333
2035,1603083.3333333333
2036,543333.3333333334
2037,636333.3333333334
2038,1232000.0
2039,1099000.0
2040,1142500.0
2041,550666.6666666666
2042,6700333.333333333
2043,516666.6666666667
2044,411833.3333333333
2045,240350.0
2046,985083.3333333334
2047,1276083.3333333333
2048,697416.6666666666
2049,1074333.3333333333
2050,1495000.0
2051,2323333.3333333335
2052,257950.0
2053,710916.6666666666
2054,1376333.3333333333
2055,744416.6666666666
2056,120666.66666666667
2057,514333.3333333333
2058,1617333.3333333333
2059,1523000.0
2060,373216.6666666667
2061,271133.3333333333
2062,719416.6666666666
2063,835250.0
2064,93933.33333333333
2065,478000.0
2066,1240666.6666666667
2067,65433.333333333336
2068,331216.6666666667
2069,412083.3333333333
2070,243666.66666666666
2071,1905333.3333333333
2072,391266.6666666667
2073,2653000.0
2074,827000.0
2075,13047566.184817184
2076,1955666.6666666667
2077,2028666.6666666667
2078,531416.6666666666
2079,2340666.6666666665
2080,1421833.3333333333
2081,4105666.6666666665
2082,7021527.778910977
2083,540083.3333333334
2084,465250.0
2085,324333.3333333333
2086,628583.3333333334
2087,2318000.0
2088,1093666.6666666667
2089,760750.0
2090,680916.6666666666
2091,1816416.6666666667
2092,1156083.3333333333
2093,880333.3333333334
2094,838416.6666666666
2095,887666.6666666666
2096,351800.0
2097,107700.0
2098,471833.3333333333
2099,317366.6666666667
2100,141400.0
2101,225350.0
2102,4814333.333333333
2103,456166.6666666667
2104,231283.33333333334
2105,97741648.1435832
2106,460416.6666666667
2107,1504666.6666666667
2108,858333.3333333334
2109,1811333.3333333333
2110,591500.0
2111,374166.6666666667
2112,2421333.3333333335
2113,784750.0
2114,1143083.3333333333
2115,973250.0
2116,2402000.0
2117,3286333.3333333335
2118,102666.66666666667
2119,778750.0
2120,563583.3333333334
2121,239200.0
2122,386750.0
2123,214316.66666666666
2124,1356750.0
2125,2699000.0
2126,362750.0
2127,2146000.0
2128,880750.0
2129,753166.6666666666
2130,537416.6666666666
2131,347800.0
2132,398583.3333333333
2133,2997333.3333333335
2134,314733.3333333333
2135,3638333.3333333335
2136,518750.0
2137,1535250.0
2138,605250.0
2139,32534797.68996931
2140,2165666.6666666665
2141,15972500.92808009
2142,3562333.3333333335
2143,790166.6666666666
2144,166566.66666666666
2145,765166.6666666666
2146,1751666.6666666667
2147,289066.6666666667
2148,3897333.3333333335
2149,445000.0
2150,367333.3333333333
2151,866666.6666666666
2152,184466.66666666666
2153,314733.3333333333
2154,364866.6666666667
2155,17920369.173143603
2156,4004333.3333333335
2157,436766.6666666667
2158,15305999.268559825
2159,1483666.6666666667
2160,18233673.04404277
2161,461833.3333333333
2162,2386000.0
2163,521916.6666666667
2164,12635935.887086904
2165,301266.6666666667
2166,17575679.12652336
2167,500666.6666666667
2168,512666.6666666667
2169,488250.0
2170,1715333.3333333333
2171,719500.0
2172,765833.3333333334
2173,1088583.3333333333
2174,1926000.0
2175,420250.0
2176,223083.33333333334
2177,536166.6666666666
2178,913583.3333333334
2179,1915666.6666666667
2180,4970333.333333333
2181,276166.6666666667
2182,6853000.0
2183,523083.3333333333
2184,411833.3333333333
2185,457750.0
2186,1100000.0
2187,912416.6666666666
2188,545083.3333333334
2189,9822234.280743485
2190,914333.3333333334
2191,171666.66666666666
2192,2963666.6666666665
2193,1637000.0
2194,1304750.0
2195,11818357.089167465
2196,4381666.666666667
2197,912416.6666666666
2198,2051666.6666666667
2199,283600.0
2200,15923560.478028141
2201,346000.0
2202,183283.33333333334
2203,475083.3333333333
2204,527416.6666666666
2205,95266.66666666667
2206,488416.6666666667
2207,1324000.0
2208,502166.6666666667
2209,4065921.914033481
2210,762000.0
2211,9758687.784803526
2212,394600.0
2213,727250.0
2214,2260000.0
2215,837750.0
2216,305666.6666666667
2217,2503000.0
2218,904083.3333333334
2219,912083.3333333334
2220,4174333.3333333335
2221,1966666.6666666667
2222,576000.0
2223,1976333.3333333333
2224,495083.3333333333
2225,564666.6666666666
2226,1288333.3333333333
2227,1071583.3333333333
2228,3059666.6666666665
2229,1085833.3333333333
2230,929083.3333333334
2231,341833.3333333333
2232,1003083.3333333334
2233,1014083.3333333334
2234,4086666.6666666665
2235,484750.0
2236,816833.3333333334
2237,3078333.3333333335
2238,2246000.0
2239,506583.3333333333
2240,562716.6666666666
2241,2537666.6666666665
2242,1609666.6666666667
2243,2186333.3333333335
2244,438166.6666666667
2245,1301500.0
2246,233650.0
2247,2561844.7883240185
2248,522333.3333333333
2249,224333.33333333334
2250,742166.6666666666
2251,299100.0
2252,1502916.6666666667
2253,592750.0
2254,909416.6666666666
2255,693666.6666666666
2256,902583.3333333334
2257,431333.3333333333
2258,2464000.0
2259,701666.6666666666
2260,375583.3333333333
2261,3414000.0
2262,304483.3333333333
2263,227200.0
2264,116333.33333333333
2265,556666.6666666666
2266,585000.0
2267,939750.0
2268,937500.0
2269,6988333.333333333
2270,381083.3333333333
2271,145116.66666666666
2272,845083.3333333334
2273,132633.33333333334
2274,1198666.6666666667
2275,880083.3333333334
2276,2242333.3333333335
2277,356250.0
2278,489000.0
2279,1060333.3333333333
2280,1162500.0
2281,489083.3333333333
2282,2970666.6666666665
2283,1557333.3333333333
2284,724666.6666666666
2285,5400333.333333333
2286,1630666.6666666667
2287,5748000.0
2288,1355166.6666666667
2289,3006583.3333333335
2290,1075583.3333333333
2291,919166.6666666666
2292,6895000.0
2293,242833.33333333334
2294,14477211.156157484
2295,5548000.0
2296,906166.6666666666
2297,450916.6666666667
2298,971250.0
2299,807166.6666666666
2300,193400.0
2301,520833.3333333333
2302,1854000.0
2303,137100.0
2304,929166.6666666666
2305,99133.33333333333
2306,399133.3333333333
2307,651416.6666666666
2308,684333.3333333334
2309,572416.6666666666
2310,833166.6666666666
2311,2283666.6666666665
2312,733200.0
2313,309750.0
2314,531666.6666666666
2315,2040666.6666666667
2316,184066.66666666666
2317,233183.33333333334
2318,3370000.0
2319,1176250.0
2320,698500.0
2321,1388750.0
2322,1497666.6666666667
2323,2600333.3333333335
2324,784166.6666666666
2325,2482333.3333333335
2326,568416.6666666666
2327,1434666.6666666667
2328,860333.3333333334
2329,1176833.3333333333
2330,6874457.672691625
2331,133100.0
2332,1674000.0
2333,232816.66666666666
2334,360383.3333333333
2335,1113000.0
2336,30115092.84597532
2337,1638333.3333333333
2338,7360935.074609542
2339,558750.0
2340,281966.6666666667
2341,544666.6666666666
2342,1462666.6666666667
2343,428833.3333333333
2344,1567000.0
2345,155250.0
2346,444916.6666666667
2347,8703333.333333334
2348,1646000.0
2349,195916.66666666666
2350,10068001.613259913
2351,1114333.3333333333
2352,1337916.6666666667
2353,1751083.3333333333
2354,856833.3333333334
2355,173500.0
2356,2294416.6666666665
2357,708000.0
2358,371550.0
2359,183300.0
2360,512366.6666666667
2361,237200.0
2362,48767705.003041826
2363,3927000.0
2364,1225000.0
2365,329166.6666666667
2366,202883.33333333334
2367,448666.6666666667
2368,182483.33333333334
2369,346250.0
2370,508916.6666666667
2371,581916.6666666666
2372,897500.0
2373,513583.3333333333
2374,371083.3333333333
2375,4247000.0
2376,392500.0
2377,4527969.640382135
2378,6410000.0
2379,322433.3333333333
2380,1133083.3333333333
2381,2317000.0
2382,986333.3333333334
2383,1531000.0
2384,931583.3333333334
2385,170266.66666666666
2386,168583.33333333334
2387,3275000.0
2388,572083.3333333334
2389,590416.6666666666
2390,449333.3333333333
2391,7691666.666666667
2392,2755000.0
2393,400750.0
2394,3076000.0
2395,1035916.6666666666
2396,544166.6666666666
2397,845083.3333333334
2398,23778792.233422734
2399,205033.33333333334
2400,4903333.333333333
2401,749666.6666666666
2402,14263232.070523016
2403,1349500.0
2404,1870333.3333333333
2405,275850.0
2406,1088083.3333333333
2407,171466.66666666666
2408,992166.6666666666
2409,639333.3333333334
2410,689000.0
2411,1650333.3333333333
2412,2500333.3333333335
2413,591616.6666666666
2414,4877000.0
2415,637333.3333333334
2416,641750.0
2417,1093083.3333333333
2418,566083.3333333334
2419,666500.0
2420,3222000.0
2421,1844000.0
2422,2178666.6666666665
2423,1440333.3333333333
2424,1142500.0
2425,956750.0
2426,2292666.6666666665
2427,1221666.6666666667
2428,235183.33333333334
2429,2647000.0
2430,4440666.666666667
2431,2072000.0
2432,1835000.0
2433,272883.3333333333
2434,381400.0
2435,7896193.200040249
2436,783500.0
2437,1211750.0
2438,2284666.6666666665
2439,1283500.0
2440,957666.6666666666
2441,1449333.3333333333
2442,617916.6666666666
2443,425500.0
2444,1849333.3333333333
2445,325600.0
2446,350250.0
2447,933333.3333333334
2448,2998333.3333333335
2449,566250.0
2450,1545666.6666666667
2451,1370666.6666666667
2452,15644488.65237
2453,14494414.795097142
2454,1077833.3333333333
2455,1148416.6666666667
2456,2100333.3333333335
2457,1706000.0
2458,1716666.6666666667
2459,1267666.6666666667
2460,310666.6666666667
2461,1233250.0
2462,1946000.0
2463,747916.6666666666
2464,355250.0
2465,615833.3333333334
2466,155566.66666666666
2467,1522000.0
2468,3598000.0
2469,4238666.666666667
2470,70600.0
2471,581000.0
2472,16974532.51387465
2473,1821000.0
2474,744750.0
2475,4046666.6666666665
2476,737583.3333333334
2477,2498666.6666666665
2478,397666.6666666667
2479,2072666.6666666667
2480,297883.3333333333
2481,1266833.3333333333
2482,1009083.3333333334
2483,420833.3333333333
2484,332883.3333333333
2485,1183666.6666666667
2486,2850000.0
2487,282400.0
2488,800666.6666666666
2489,1280166.6666666667
2490,3438333.3333333335
2491,2769333.3333333335
2492,307666.6666666667
2493,1879333.3333333333
2494,1543000.0
2495,572750.0
2496,837583.3333333334
2497,246650.0
2498,983833.3333333334
2499,721333.3333333334
2500,382683.3333333333
2501,948750.0
2502,504416.6666666667
2503,2713333.3333333335
2504,1292250.0
2505,290716.6666666667
2506,932750.0
2507,4349000.0
2508,15169782.38242478
2509,5746666.666666667
2510,881583.3333333334
2511,562416.6666666666
2512,3226000.0
2513,1933333.3333333333
2514,109733.33333333333
2515,105466.66666666667
2516,303716.6666666667
2517,434166.6666666667
2518,4448333.333333333
2519,3434333.3333333335
2520,292450.0
2521,137866.66666666666
2522,506500.0
2523,321000.0
2524,7140391.965274906
2525,439750.0
2526,41094132.44247107
2527,13988410.24489576
2528,845500.0
2529,873916.6666666666
2530,137900.0
2531,8342888.290125078
2532,3106000.0
2533,540750.0
2534,1743000.0
2535,472166.6666666667
2536,2251333.3333333335
2537,179333.33333333334
2538,251850.0
2539,405583.3333333333
2540,1054250.0
2541,11365400.922384564
2542,489583.3333333333
2543,631583.3333333334
2544,218650.0
2545,378916.6666666667
2546,47774504.61168806
2547,2322000.0
2548,2638000.0
2549,368900.0
2550,822833.3333333334
2551,319716.6666666667
2552,3848556.6507024616
2553,488333.3333333333
2554,2342000.0
2555,148266.66666666666
2556,97300.0
2557,519833.3333333333
2558,1483666.6666666667
2559,575500.0
2560,418916.6666666667
2561,630250.0
2562,140366.66666666666
2563,274866.6666666667
2564,417333.3333333333
2565,415416.6666666667
2566,16010363.597772969
2567,6170071.769001511
2568,464500.0
2569,2550000.0
2570,100100.0
2571,681333.3333333334
2572,2963333.3333333335
2573,360333.3333333333
2574,758500.0
2575,1183916.6666666667
2576,243283.33333333334
2577,4075000.0
2578,811750.0
2579,1510000.0
2580,690416.6666666666
2581,898833.3333333334
2582,906500.0
2583,1093083.3333333333
2584,1000166.6666666666
2585,63800.0
2586,445916.6666666667
2587,18323247.598912064
2588,650666.6666666666
2589,5477333.333333333
2590,5381000.0
2591,193616.66666666666
2592,291650.0
2593,1903333.3333333333
2594,9370163.480530648
2595,556500.0
2596,91050.0
2597,978250.0
2598,579250.0
2599,1995000.0
2600,111433.33333333333
2601,1911000.0
2602,206600.0
2603,1588333.3333333333
2604,579833.3333333334
2605,1666333.3333333333
2606,493250.0
2607,8935000.0
2608,458000.0
2609,9660984.075204693
2610,2847083.3333333335
2611,511166.6666666667
2612,9421418.18772538
2613,759916.6666666666
2614,4221000.0
2615,1136000.0
2616,1622666.6666666667
2617,959666.6666666666
2618,4707666.666666667
2619,331000.0
2620,1420333.3333333333
2621,5956666.666666667
2622,12842063.008356372
2623,62250.0
2624,478583.3333333333
2625,501916.6666666667
2626,379250.0
2627,297500.0
2628,541416.6666666666
2629,535916.6666666666
2630,791833.3333333334
2631,1093833.3333333333
2632,3435000.0
2633,931250.0
2634,7606666.666666667
2635,472666.6666666667
2636,301333.3333333333
2637,3608333.3333333335
2638,1252666.6666666667
2639,365833.3333333333
2640,712166.6666666666
2641,298533.3333333333
2642,1251000.0
2643,11568097.6092831
2644,3643422.4679050236
2645,450916.6666666667
2646,3670666.6666666665
2647,147366.66666666666
2648,3813666.6666666665
2649,2378000.0
2650,1116833.3333333333
2651,955000.0
2652,280383.3333333333
2653,480833.3333333333
2654,549250.0
2655,5799635.796312297
2656,2785000.0
2657,2158000.0
2658,1822333.3333333333
2659,3334166.6666666665
2660,555333.3333333334
2661,1536000.0
2662,1008250.0
2663,278933.3333333333
2664,342966.6666666667
2665,491250.0
2666,2044000.0
2667,518166.6666666667
2668,916000.0
2669,454750.0
2670,355250.0
2671,2053666.6666666667
2672,1050416.6666666667
2673,3073666.6666666665
2674,1398833.3333333333
2675,1751333.3333333333
2676,1231500.0
2677,1804333.3333333333
2678,2011666.6666666667
2679,1962000.0
2680,1920000.0
2681,6339174.862900813
2682,70433.33333333333
2683,16785246.061255954
2684,150533.33333333334
2685,1073666.6666666667
2686,826083.3333333334
2687,1628666.6666666667
2688,2650333.3333333335
2689,396000.0
2690,738833.3333333334
2691,1056416.6666666667
2692,559333.3333333334
2693,1166583.3333333333
2694,426166.6666666667
2695,422283.3333333333
2696,2744333.3333333335
2697,309200.0
2698,475833.3333333333
2699,236333.33333333334
2700,279266.6666666667
2701,802916.6666666666
2702,591083.3333333334
2703,1297666.6666666667
2704,631416.6666666666
2705,470333.3333333333
2706,30095392.64772293
2707,521083.3333333333
2708,263716.6666666667
2709,321433.3333333333
2710,3313666.6666666665
2711,1239000.0
2712,135066.66666666666
2713,1615000.0
2714,3752666.6666666665
2715,964083.3333333334
2716,8688133.67479193
2717,851750.0
2718,3091000.0
2719,1088166.6666666667
2720,874916.6666666666
2721,1015916.6666666666
2722,703000.0
2723,346716.6666666667
2724,475000.0
2725,3177000.0
2726,40445923.59014344
2727,269566.6666666667
2728,10524261.382067828
2729,698083.3333333334
2730,1024166.6666666666
2731,3081666.6666666665
2732,338550.0
2733,7983333.333333333
2734,5423028.825258453
2735,702250.0
2736,1140166.6666666667
2737,286300.0
2738,2281666.6666666665
2739,4275666.666666667
2740,559250.0
2741,483750.0
2742,586833.3333333334
2743,992083.3333333334
2744,498750.0
2745,5003333.333333333
2746,290800.0
2747,377016.6666666667
2748,18583015.549428545
2749,7131666.666666667
2750,1030666.6666666666
2751,2246333.3333333335
2752,1524000.0
2753,2608000.0
2754,1516833.3333333333
2755,351000.0
2756,3479666.6666666665
2757,16559335.905736683
2758,2265666.6666666665
2759,11650729.371099472
2760,7115000.0
2761,1417000.0
2762,561000.0
2763,2122000.0
2764,1692333.3333333333
2765,1760666.6666666667
2766,3052362.159016746
2767,52588473.18533767
2768,289066.6666666667
2769,289700.0
2770,1143583.3333333333
2771,4026666.6666666665
2772,2400333.3333333335
2773,1831666.6666666667
2774,1759666.6666666667
2775,1616000.0
2776,5950060.597910755
2777,237483.33333333334
2778,906083.3333333334
2779,1550666.6666666667
2780,4770423.295051025
2781,540000.0
2782,945000.0
2783,2790666.6666666665
2784,661333.3333333334
2785,5753000.0
2786,90966.66666666667
2787,556583.3333333334
2788,2303333.3333333335
2789,208750.0
2790,1141583.3333333333
2791,2019000.0
2792,853833.3333333334
2793,2301000.0
2794,842416.6666666666
2795,26958407.046196926
2796,1014583.3333333334
2797,543166.6666666666
2798,3068666.6666666665
2799,1350000.0
2800,2838000.0
2801,751750.0
2802,846250.0
2803,1315833.3333333333
2804,1251583.3333333333
2805,122566.66666666667
2806,1052416.6666666667
2807,19817662.83566383
2808,774000.0
2809,2024666.6666666667
2810,1435666.6666666667
2811,1210000.0
2812,534666.6666666666
2813,14721724.720164947
2814,461083.3333333333
2815,2612666.6666666665
2816,203016.66666666666
2817,138300.0
2818,9630756.70743825
2819,5510666.666666667
2820,247633.33333333334
2821,340816.6666666667
2822,359416.6666666667
2823,486583.3333333333
2824,3430333.3333333335
2825,868333.3333333334
2826,4149666.6666666665
2827,5373571.642940907
2828,1334750.0
2829,2581333.3333333335
2830,1337166.6666666667
2831,599666.6666666666
2832,1167833.3333333333
2833,12531926.1372756
2834,419344.1589959518
2835,623250.0
2836,1735333.3333333333
2837,1569666.6666666667
2838,696000.0
2839,4780666.666666667
2840,385583.3333333333
2841,459583.3333333333
2842,1138083.3333333333
2843,59690849.01915242
2844,14650397.663196404
2845,950000.0
2846,144200.0
2847,148200.0
2848,797666.6666666666
2849,2129333.3333333335
2850,155123.33333333334
2851,2064333.3333333333
2852,652000.0
2853,418333.3333333333
2854,5423666.666666667
2855,1091416.6666666667
2856,1690333.3333333333
2857,650416.6666666666
2858,18016886.21845457
2859,402583.3333333333
2860,1439000.0
2861,352833.3333333333
2862,1223916.6666666667
2863,46823316.186286
2864,3001000.0
2865,2361666.6666666665
2866,2370000.0
2867,1703000.0
2868,820583.3333333334
2869,141633.33333333334
2870,15716962.627772113
2871,2590333.3333333335
2872,1112833.3333333333
2873,145166.66666666666
2874,1175416.6666666667
2875,497333.3333333333
2876,567333.3333333334
2877,952083.3333333334
2878,904166.6666666666
2879,7328333.333333333
2880,49161851.70265228
2881,205616.66666666666
2882,7278666.666666667
2883,1013666.6666666666
2884,1094750.0
2885,207150.0
2886,969416.6666666666
2887,1147583.3333333333
2888,1389333.3333333333
2889,1895000.0
2890,1140166.6666666667
2891,1233166.6666666667
2892,8746023.966034865
2893,629000.0
2894,646916.6666666666
2895,529250.0
2896,1522666.6666666667
2897,1808333.3333333333
2898,6618333.333333333
2899,181966.66666666666
2900,878583.3333333334
2901,3612333.3333333335
2902,293066.6666666667
2903,1575666.6666666667
2904,664783.3333333334
2905,4759333.333333333
2906,3134333.3333333335
2907,1328166.6666666667
2908,9649388.476643667
2909,1019000.0
2910,3010333.3333333335
2911,1574666.6666666667
2912,1650333.3333333333
2913,2906333.3333333335
2914,738916.6666666666
2915,218250.0
2916,5589000.0
2917,786083.3333333334
2918,553916.6666666666
2919,1384583.3333333333
2920,1963333.3333333333
2921,129300.0
2922,2056666.6666666667
2923,3506333.3333333335
2924,3531333.3333333335
2925,1887333.3333333333
2926,3538666.6666666665
2927,5664619.522614478
2928,531750.0
2929,289933.3333333333
2930,845083.3333333334
2931,864750.0
2932,843666.6666666666
2933,227983.33333333334
2934,1198166.6666666667
2935,1573333.3333333333
2936,1205833.3333333333
2937,1955666.6666666667
2938,1508666.6666666667
2939,613250.0
2940,2323333.3333333335
2941,659916.6666666666
2942,7110000.0
2943,716916.6666666666
2944,922083.3333333334
2945,1731666.6666666667
2946,4219000.0
2947,731750.0
2948,1041166.6666666666
2949,1422333.3333333333
2950,430583.3333333333
2951,295133.3333333333
2952,2247000.0
2953,372666.6666666667
2954,221283.33333333334
2955,1748000.0
2956,675083.3333333334
2957,553583.3333333334
2958,1104833.3333333333
2959,368416.6666666667
2960,2056666.6666666667
2961,1014083.3333333334
2962,1604250.0
2963,767416.6666666666
2964,284416.6666666667
2965,769250.0
2966,698833.3333333334
2967,813166.6666666666
2968,714416.6666666666
2969,1014166.6666666666
2970,546666.6666666666
2971,382333.3333333333
2972,344083.3333333333
2973,6878333.333333333
2974,692666.6666666666
2975,1014916.6666666666
2976,673333.3333333334
2977,439083.3333333333
2978,1917333.3333333333
2979,5619258.844531036
2980,994916.6666666666
2981,16167380.19680035
2982,305550.0
2983,188750.0
2984,1008833.3333333334
2985,50027162.50369323
2986,979750.0
2987,1881000.0
2988,1011583.3333333334
2989,454666.6666666667
2990,1819333.3333333333
2991,167383.33333333334
2992,2607666.6666666665
2993,2325333.3333333335
2994,2529000.0
2995,20137089.532378945
2996,26965314.886638924
2997,33211201.64345598
2998,6831666.666666667
2999,307216.6666666667
3000,848333.3333333334
3001,348683.3333333333
3002,769250.0
3003,371666.6666666667
3004,145683.33333333334
3005,364333.3333333333
3006,947750.0
3007,826250.0
3008,1332500.0
3009,11390204.798227223
3010,1518250.0
3011,1166666.6666666667
3012,1193416.6666666667
3013,726750.0
3014,8816023.289843708
3015,1728000.0
3016,696083.3333333334
3017,417250.0
3018,226083.33333333334
3019,607666.6666666666
3020,1380166.6666666667
3021,24840344.948518172
3022,2620333.3333333335
3023,512166.6666666667
3024,851000.0
3025,519416.6666666667
3026,144066.66666666666
3027,891750.0
3028,352083.3333333333
3029,2961666.6666666665
3030,318383.3333333333
3031,547916.6666666666
3032,100400.0
3033,569583.3333333334
3034,927833.3333333334
3035,5969266.983749906
3036,2840666.6666666665
3037,633416.6666666666
3038,1478000.0
3039,1588666.6666666667
3040,867083.3333333334
3041,5587000.0
3042,2306000.0
3043,582666.6666666666
3044,1219583.3333333333
3045,628083.3333333334
3046,459583.3333333333
3047,296166.6666666667
3048,219800.0
3049,230000.0
3050,13378814.793551078
3051,1468666.6666666667
3052,2921333.3333333335
3053,108866.66666666667
3054,371000.0
3055,1412333.3333333333
3056,40368434.72205863
3057,33485468.598793596
3058,1301000.0
3059,528083.3333333334
3060,1370416.6666666667
3061,89583.33333333333
3062,2221000.0
3063,1287166.6666666667
3064,1882000.0
3065,7653333.333333333
3066,1889666.6666666667
3067,3200333.3333333335
3068,1692000.0
3069,555250.0
3070,4279333.333333333
3071,1528000.0
3072,4952333.333333333
3073,1131083.3333333333
3074,245366.66666666666
3075,156883.33333333334
3076,600416.6666666666
3077,1374666.6666666667
3078,3430000.0
3079,4101132.7068341686
3080,1628488.721455312
3081,10030657.818508605
3082,836250.0
3083,336433.3333333333
3084,2388666.6666666665
3085,896666.6666666666
3086,945083.3333333334
3087,356583.3333333333
3088,298333.3333333333
3089,2839000.0
3090,2679666.6666666665
3091,1089500.0
3092,764083.3333333334
3093,358233.3333333333
3094,2823166.6666666665
3095,1919333.3333333333
3096,476583.3333333333
3097,4898666.666666667
3098,6559405.623620251
3099,10807987.0928777
3100,368416.6666666667
3101,692750.0
3102,3298666.6666666665
3103,17414324.617958274
3104,373083.3333333333
3105,606666.6666666666
3106,980083.3333333334
3107,3728000.0
3108,1770666.6666666667
3109,1027333.3333333334
3110,884433.3333333334
3111,2773000.0
3112,259333.33333333334
3113,1277333.3333333333
3114,1825916.6666666667
3115,6399333.333333333
3116,8583333.333333334
3117,35687001.465899035
3118,1672666.6666666667
3119,3340666.6666666665
3120,774166.6666666666
3121,653000.0
3122,225700.0
3123,766000.0
3124,722916.6666666666
3125,473416.6666666667
3126,174800.0
3127,260066.66666666666
3128,2176000.0
3129,293866.6666666667
3130,399916.6666666667
3131,260416.66666666666
3132,1252000.0
3133,295100.0
3134,13024832.672517275
3135,836583.3333333334
3136,1106833.3333333333
3137,164066.66666666666
3138,2729000.0
3139,402666.6666666667
3140,572416.6666666666
3141,443083.3333333333
3142,379750.0
3143,196683.33333333334
3144,251800.0
3145,2579416.6666666665
3146,50450310.57795584
3147,1201833.3333333333
3148,931416.6666666666
3149,504416.6666666667
3150,1834000.0
3151,218483.33333333334
3152,233550.0
3153,2181666.6666666665
3154,1925333.3333333333
3155,532083.3333333334
3156,475083.3333333333
3157,384500.0
3158,1730000.0
3159,971416.6666666666
3160,1440333.3333333333
3161,412916.6666666667
3162,2315000.0
3163,3941192.326003722
3164,871666.6666666666
3165,635166.6666666666
3166,146766.66666666666
3167,6430333.333333333
3168,848916.6666666666
3169,1871000.0
3170,659666.6666666666
3171,791916.6666666666
3172,4399000.0
3173,767500.0
3174,2563666.6666666665
3175,2442000.0
3176,3313666.6666666665
3177,396916.6666666667
3178,353033.3333333333
3179,505833.3333333333
3180,9342531.472993288
3181,2004666.6666666667
3182,1873333.3333333333
3183,535166.6666666666
3184,340333.3333333333
3185,122500.0
3186,3036666.6666666665
3187,1101500.0
3188,318550.0
3189,2920333.3333333335
3190,451833.3333333333
3191,968750.0
3192,692333.3333333334
3193,1163583.3333333333
3194,212333.33333333334
3195,707083.3333333334
3196,4139750.0
3197,317083.3333333333
3198,695166.6666666666
3199,556000.0
3200,618666.6666666666
3201,1015500.0
3202,128600.0
3203,2228916.6666666665
3204,4884666.666666667
3205,2373000.0
3206,529083.3333333334
3207,192700.0
3208,2493833.3333333335
3209,416166.6666666667
3210,1179750.0
3211,882666.6666666666
3212,452666.6666666667
3213,534416.6666666666
3214,1575666.6666666667
3215,637416.6666666666
3216,487750.0
3217,1301666.6666666667
3218,181433.33333333334
3219,239800.0
3220,516416.6666666667
3221,756416.6666666666
3222,29613688.451056726
3223,953500.0
3224,1581333.3333333333
3225,245983.33333333334
3226,1479333.3333333333
3227,3763666.6666666665
3228,18177409.671206646
3229,3054000.0
3230,534833.3333333334
3231,7253333.333333333
3232,39173489.20414379
3233,5810333.333333333
3234,587333.3333333334
3235,7219735.878127001
3236,1050583.3333333333
3237,1395333.3333333333
3238,353750.0
3239,730083.3333333334
3240,7295000.0
3241,684333.3333333334
3242,197266.66666666666
3243,528333.3333333334
3244,239900.0
3245,846750.0
3246,695000.0
3247,833083.3333333334
3248,660250.0
3249,4122666.6666666665
3250,929666.6666666666
3251,585916.6666666666
3252,19193.333333333332
3253,2020000.0
3254,2337333.3333333335
3255,86718887.92795342
3256,1562000.0
3257,472250.0
3258,519166.6666666667
3259,29899955.968680713
3260,563500.0
3261,3281333.3333333335
3262,1179666.6666666667
3263,169383.33333333334
3264,2334666.6666666665
3265,1719083.3333333333
3266,480333.3333333333
3267,1157333.3333333333
3268,1682716.6666666667
3269,1997666.6666666667
3270,23351844.99052493
3271,1668333.3333333333
3272,1649666.6666666667
3273,216383.33333333334
3274,13791453.47785428
3275,883250.0
3276,312666.6666666667
3277,2428666.6666666665
3278,226433.33333333334
3279,1378416.6666666667
3280,957083.3333333334
3281,1180750.0
3282,504083.3333333333
3283,10439476.888750717
3284,1926333.3333333333
3285,6781666.666666667
3286,11037570.92958824
3287,266666.6666666667
3288,745833.3333333334
3289,102133.33333333333
3290,2592666.6666666665
3291,339750.0
3292,211750.0
3293,820000.0
3294,531750.0
3295,1822666.6666666667
3296,864666.6666666666
3297,3860666.6666666665
3298,49373202.65889961
3299,2760000.0
3300,821250.0
3301,145533.33333333334
3302,181333.33333333334
3303,1022916.6666666666
3304,1072416.6666666667
3305,1360166.6666666667
3306,6939139.34621306
3307,542916.6666666666
3308,2704000.0
3309,11457811.799058488
3310,2676666.6666666665
3311,231283.33333333334
3312,736000.0
3313,15671125.935903918
3314,1313916.6666666667
3315,1689000.0
3316,670000.0
3317,21602835.0889344
3318,3849666.6666666665
3319,919250.0
3320,132300.0
3321,2209333.3333333335
3322,2811666.6666666665
3323,3203000.0
3324,382500.0
3325,1482333.3333333333
3326,1694666.6666666667
3327,371300.0
3328,887083.3333333334
3329,4205000.0
3330,1538666.6666666667
3331,2978000.0
3332,19202679.585822627
3333,9839011.92148457
3334,13724426.153688006
3335,512333.3333333333
3336,1035833.3333333334
3337,2100666.6666666665
3338,887000.0
3339,2515333.3333333335
3340,298200.0
3341,1654666.6666666667
3342,6468000.0
3343,1355916.6666666667
3344,554333.3333333334
3345,1360666.6666666667
3346,274316.6666666667
3347,152900.0
3348,480416.6666666667
3349,891750.0
3350,1629000.0
3351,554583.3333333334
3352,1157750.0
3353,531833.3333333334
3354,748750.0
3355,302016.6666666667
3356,574916.6666666666
3357,320616.6666666667
3358,396666.6666666667
3359,559083.3333333334
3360,1435500.0
3361,862500.0
3362,614250.0
3363,479166.6666666667
3364,1684000.0
3365,728666.6666666666
3366,163800.0
3367,259266.66666666666
3368,2505000.0
3369,457833.3333333333
3370,119466.66666666667
3371,1186500.0
3372,9476958.992650611
3373,1215333.3333333333
3374,180066.66666666666
3375,1770666.6666666667
3376,6978333.333333333
3377,37410780.072344445
3378,443416.6666666667
3379,622666.6666666666
3380,805750.0
3381,971333.3333333334
3382,15312328.833289078
3383,180200.0
3384,217350.0
3385,197633.33333333334
3386,169033.33333333334
3387,861000.0
3388,162633.33333333334
3389,779500.0
3390,2197333.3333333335
3391,489416.6666666667
3392,2418666.6666666665
3393,2314000.0
3394,17041388.004031084
3395,2020333.3333333333
3396,327250.0
3397,759166.6666666666
3398,773666.6666666666
3399,515083.3333333333
3400,450333.3333333333
3401,5458666.666666667
3402,4042000.0
3403,99500.0
3404,159783.33333333334
3405,1011250.0
3406,730083.3333333334
3407,414766.6666666667
3408,145533.33333333334
3409,780416.6666666666
3410,7733333.333333333
3411,3414333.3333333335
3412,658333.3333333334
3413,208516.66666666666
3414,2406333.3333333335
3415,746666.6666666666
3416,2827333.3333333335
3417,1682666.6666666667
3418,815083.3333333334
3419,9116666.666666666
3420,15498808.736474004
3421,2722333.3333333335
3422,900916.6666666666
3423,594500.0
3424,787666.6666666666
3425,1783000.0
3426,517916.6666666667
3427,2286000.0
3428,607416.6666666666
3429,315516.6666666667
3430,871750.0
3431,385416.6666666667
3432,530333.3333333334
3433,1310333.3333333333
3434,727500.0
3435,215100.0
3436,442083.3333333333
3437,578666.6666666666
3438,1315666.6666666667
3439,6117240.558654337
3440,2188000.0
3441,474750.0
3442,579166.6666666666
3443,1536333.3333333333
3444,30143740.433354463
3445,1216666.6666666667
3446,1022500.0
3447,654083.3333333334
3448,332916.6666666667
3449,1568333.3333333333
3450,835833.3333333334
3451,574083.3333333334
3452,2808000.0
3453,140800.0
3454,5483977.488364484
3455,2055000.0
3456,509166.6666666667
3457,14453015.73446851
3458,732500.0
3459,4455666.666666667
3460,1745666.6666666667
3461,4032333.3333333335
3462,1808000.0
3463,6343333.333333333
3464,633833.3333333334
3465,559833.3333333334
3466,153800.0
3467,1554333.3333333333
3468,2574000.0
3469,922666.6666666666
3470,22059930.248913515
3471,328333.3333333333
3472,534083.3333333334
3473,1109000.0
3474,1447250.0
3475,760166.6666666666
3476,1208916.6666666667
3477,574916.6666666666
3478,454333.3333333333
3479,224216.66666666666
3480,405250.0
3481,749416.6666666666
3482,621666.6666666666
3483,474850.0
3484,1226583.3333333333
3485,4208000.0
3486,536750.0
3487,530333.3333333334
3488,7001666.666666667
3489,1209333.3333333333
3490,710250.0
3491,1605000.0
3492,439833.3333333333
3493,327500.0
3494,13726510.139665421
3495,632250.0
3496,753416.6666666666
3497,3276666.6666666665
3498,2116333.3333333335
3499,1553666.6666666667
3500,639333.3333333334
3501,353300.0
3502,359216.6666666667
3503,972416.6666666666
3504,1154583.3333333333
3505,551250.0
3506,45433.333333333336
3507,319426.93118402024
3508,221883.33333333334
3509,377500.0
3510,234800.0
3511,1100666.6666666667
3512,779250.0
3513,3411666.6666666665
3514,10348624.122144409
3515,1240583.3333333333
3516,856833.3333333334
3517,1402916.6666666667
3518,1594000.0
3519,118566.66666666667
3520,3249333.3333333335
3521,2235666.6666666665
3522,222050.0
3523,793750.0
3524,329583.3333333333
3525,38411184.23814127
3526,1578000.0
3527,2777271.76714753
3528,1903000.0
3529,456000.0
3530,1315750.0
3531,349916.6666666667
3532,524000.0
3533,42293802.29029164
3534,588000.0
3535,106066.66666666667
3536,611750.0
3537,1842000.0
3538,10766776.275200222
3539,3062926.831305739
3540,1655666.6666666667
3541,1183833.3333333333
3542,27604099.730242025
3543,3454000.0
3544,3750666.6666666665
3545,629583.3333333334
3546,77457783.4689664
3547,714583.3333333334
3548,474583.3333333333
3549,1822666.6666666667
3550,69966.66666666667
3551,434883.3333333333
3552,846333.3333333334
3553,1179666.6666666667
3554,435583.3333333333
3555,255500.0
3556,1233583.3333333333
3557,1766333.3333333333
3558,574666.6666666666
3559,723333.3333333334
3560,968166.6666666666
3561,82853082.65587702
3562,552500.0
3563,961750.0
3564,163700.0
3565,1248666.6666666667
3566,707083.3333333334
3567,679666.6666666666
3568,839166.6666666666
3569,3975000.0
3570,4849000.0
3571,110766.66666666667
3572,374750.0
3573,230683.33333333334
3574,293450.0
3575,322350.0
3576,1445916.6666666667
3577,2111000.0
3578,2326000.0
3579,519416.6666666667
3580,293833.3333333333
3581,1480083.3333333333
3582,1779666.6666666667
3583,728333.3333333334
3584,8223662.451651279
3585,2881333.3333333335
3586,1192333.3333333333
3587,1814333.3333333333
3588,950000.0
3589,886166.6666666666
3590,1013416.6666666666
3591,3097333.3333333335
3592,1415333.3333333333
3593,728666.6666666666
3594,583916.6666666666
3595,811750.0
3596,895333.3333333334
3597,5223333.333333333
3598,1451000.0
3599,498833.3333333333
3600,1991000.0
3601,1195250.0
3602,1445000.0
3603,685583.3333333334
3604,564666.6666666666
3605,1656666.6666666667
3606,286066.6666666667
3607,612250.0
3608,2311000.0
3609,2173666.6666666665
3610,1204250.0
3611,2970000.0
3612,260400.0
3613,3370666.6666666665
3614,94566.66666666667
3615,1782666.6666666667
3616,318750.0
3617,1456000.0
3618,2659333.3333333335
3619,2836666.6666666665
3620,1328666.6666666667
3621,5052666.666666667
3622,824083.3333333334
3623,1349083.3333333333
3624,2896333.3333333335
3625,2837333.3333333335
3626,6198666.666666667
3627,768500.0
3628,1174000.0
3629,144933.33333333334
3630,1298333.3333333333
3631,3621333.3333333335
3632,1970000.0
3633,491666.6666666667
3634,3584000.0
3635,6465805.873592883
3636,308633.3333333333
3637,568750.0
3638,485833.3333333333
3639,1719000.0
3640,1880000.0
3641,799916.6666666666
3642,34436638.271483034
3643,288416.6666666667
3644,602000.0
3645,906000.0
3646,4143972.7830974334
3647,97282932.167135
3648,696583.3333333334
3649,2380333.3333333335
3650,815833.3333333334
3651,1592250.0
3652,942000.0
3653,497500.0
3654,18754296.590576578
3655,1461000.0
3656,1349916.6666666667
3657,627750.0
3658,4095333.3333333335
3659,689750.0
3660,1586000.0
3661,568333.3333333334
3662,777833.3333333334
3663,1655666.6666666667
3664,348416.6666666667
3665,328833.3333333333
3666,999166.6666666666
3667,1679333.3333333333
3668,2542333.3333333335
3669,1178083.3333333333
3670,875833.3333333334
3671,584333.3333333334
3672,540750.0
3673,77466.66666666667
3674,63700.0
3675,4495000.0
3676,1374750.0
3677,588333.3333333334
3678,5892339.839456821
3679,720416.6666666666
3680,1550000.0
3681,505583.3333333333
3682,1262833.3333333333
3683,2135333.3333333335
3684,681666.6666666666
3685,585000.0
3686,235066.66666666666
3687,536083.3333333334
3688,473416.6666666667
3689,2619000.0
3690,814000.0
3691,144866.66666666666
3692,2270666.6666666665
3693,1271333.3333333333
3694,737333.3333333334
3695,1192500.0
3696,506833.3333333333
3697,323300.0
3698,6437666.666666667
3699,732250.0
3700,825000.0
3701,743166.6666666666
3702,449583.3333333333
3703,222566.66666666666
3704,233450.0
3705,802750.0
3706,6338333.333333333
3707,1615666.6666666667
3708,953500.0
3709,1507333.3333333333
3710,689250.0
3711,16337978.214149218
3712,487416.6666666667
3713,1081083.3333333333
3714,880750.0
3715,1259000.0
3716,586500.0
3717,510333.3333333333
3718,1058500.0
3719,4017666.6666666665
3720,1983000.0
3721,2061666.6666666667
3722,8500560.017146805
3723,2180666.6666666665
3724,1589000.0
3725,485583.3333333333
3726,648416.6666666666
3727,1677333.3333333333
3728,361916.6666666667
3729,210266.66666666666
3730,368166.6666666667
3731,404000.0
3732,1520500.0
3733,3650000.0
3734,1956666.6666666667
3735,499500.0
3736,583750.0
3737,527616.6666666666
3738,436166.6666666667
3739,227250.0
3740,1319000.0
3741,129166.66666666667
3742,926750.0
3743,503583.3333333333
3744,9083257.971517552
3745,986916.6666666666
3746,1164583.3333333333
3747,1156666.6666666667
3748,983666.6666666666
3749,424250.0
3750,1315583.3333333333
3751,957833.3333333334
3752,126633.33333333333
3753,1300583.3333333333
3754,2346333.3333333335
3755,444333.3333333333
3756,5079830.2414623285
3757,463833.3333333333
3758,9700333.96751193
3759,536000.0
3760,1675000.0
3761,1146416.6666666667
3762,231433.33333333334
3763,430333.3333333333
3764,989250.0
3765,1591666.6666666667
3766,3619666.6666666665
3767,351183.3333333333
3768,892166.6666666666
3769,388750.0
3770,81393571.02696045
3771,862166.6666666666
3772,10883815.828365099
3773,3894000.0
3774,1346583.3333333333
3775,470666.6666666667
3776,240016.66666666666
3777,114133.33333333333
3778,1047916.6666666666
3779,1019250.0
3780,97000.0
3781,4686333.333333333
3782,2464666.6666666665
3783,12979542.018203292
3784,23103077.38199906
3785,1420666.6666666667
3786,49628637.57979735
3787,627166.6666666666
3788,136900.0
3789,602783.3333333334
3790,12190936.969787102
3791,2031000.0
3792,239850.0
3793,965083.3333333334
3794,740333.3333333334
3795,2156333.3333333335
3796,1872333.3333333333
3797,676333.3333333334
3798,795650.0
3799,1437333.3333333333
3800,927666.6666666666
3801,464083.3333333333
3802,4050666.6666666665
3803,5456666.666666667
3804,853750.0
3805,4336666.666666667
3806,1100000.0
3807,364000.0
3808,17846938.371046238
3809,1069666.6666666667
3810,4659235.676357915
3811,715833.3333333334
3812,1607333.3333333333
3813,913750.0
3814,1432666.6666666667
3815,502000.0
3816,3200000.0
3817,1431666.6666666667
3818,603066.6666666666
3819,552166.6666666666
3820,652666.6666666666
3821,3678333.3333333335
3822,516750.0
3823,8691330.275565872
3824,898083.3333333334
3825,295550.0
3826,470416.6666666667
3827,731583.3333333334
3828,861000.0
3829,2681000.0
3830,1072333.3333333333
3831,86200.0
3832,1497000.0
3833,260483.33333333334
3834,178366.66666666666
3835,1676333.3333333333
3836,12156950.423622288
3837,927333.3333333334
3838,2466333.3333333335
3839,789666.6666666666
3840,834833.3333333334
3841,830416.6666666666
3842,9689149.596907157
3843,646833.3333333334
3844,44188215.727855
3845,651583.3333333334
3846,915333.3333333334
3847,1448000.0
